Percentile,Lost,Won,success
0,43,30,0.410958904109589
1,68,77,0.5310344827586206
2,74,70,0.4861111111111111
3,72,73,0.503448275862069
4,82,63,0.43448275862068964
5,62,82,0.5694444444444444
6,77,68,0.4689655172413793
7,57,88,0.6068965517241379
8,73,71,0.4930555555555556
9,79,66,0.45517241379310347
10,37,35,0.4861111111111111
