Feature,full,1,0,3,2,4,Importance,StdDev
sbr_ou,0.9032131838885362,0.8254878089114036,0.9437888216358896,0.9431154123822812,0.858953824174782,0.8376557789395501,0.8818003292087813,0.05754110850284058
season,0.8938247503832836,0.9127033918609992,0.9127196932536488,0.9119052666244716,0.8312592642670917,0.8299081257013712,0.8796991483415166,0.04483982280333613
