Importance,Feature
0.9032131838885362,sbr_ou
0.8938247503832836,season
