Importance,Feature
0.9127033918609991,season
0.8254878089114036,sbr_ou
