Importance,Feature
0.9431154123822811,sbr_ou
0.9119052666244715,season
