Importance,Feature
0.9437888216358896,sbr_ou
0.9127196932536488,season
