Importance,Feature
0.8376557789395501,sbr_ou
0.8299081257013712,season
