Importance,Feature
0.858953824174782,sbr_ou
0.8312592642670917,season
