Percentile,Lost,Won,success
0,48,27,0.36
1,67,81,0.5472972972972973
2,81,68,0.4563758389261745
3,77,71,0.4797297297297297
4,72,77,0.5167785234899329
5,66,82,0.5540540540540541
6,64,85,0.5704697986577181
7,62,86,0.581081081081081
8,44,105,0.7046979865771812
9,36,112,0.7567567567567568
10,19,55,0.7432432432432432
