elapsed,name,time
0.0,start,101.873150259
0.0013754020000078526,initialized and loaded JSON file(s),101.874525661
0.12266550399999687,loaded and validated,101.997191165
0.4185962429999961,generated or fetched CV sets,102.415787408
12.172464822999999,trained and scored,114.588252231
