elapsed,name,time
0.0,start,56.331447282
0.0017093989999992232,initialized and loaded JSON file(s),56.333156681
0.163837749999999,loaded and validated,56.496994431
0.8173865050000018,generated or fetched CV sets,57.314380936
8.867152546000007,trained and scored,66.181533482
