Percentile,Under,Over,success
0,41,32,0.4383561643835616
1,81,64,0.4413793103448276
2,82,62,0.4305555555555556
3,73,72,0.496551724137931
4,59,86,0.593103448275862
5,67,77,0.5347222222222222
6,76,69,0.47586206896551725
7,68,77,0.5310344827586206
8,70,74,0.5138888888888888
9,69,76,0.5241379310344828
10,38,34,0.4722222222222222
