Percentile,Lost,Won,success
0,42,31,0.4246575342465753
1,73,72,0.496551724137931
2,84,60,0.4166666666666667
3,71,74,0.5103448275862069
4,65,80,0.5517241379310345
5,70,74,0.5138888888888888
6,73,72,0.496551724137931
7,70,75,0.5172413793103449
8,77,67,0.4652777777777778
9,62,83,0.5724137931034483
10,37,35,0.4861111111111111
