Importance,Feature
0.6169801953207661,sbr_ou
0.383019804679234,season
