Importance,Feature
0.6498451604715626,sbr_ou
0.35015483952843746,season
