Importance,Feature
0.6617198290912961,sbr_ou
0.3382801709087038,season
