Importance,Feature
0.6559520602980615,sbr_ou
0.34404793970193853,season
