Importance,Feature
0.65794170059131,sbr_ou
0.3420582994086901,season
