Feature,full,1,0,3,2,4,Importance,StdDev
sbr_ou,0.6617198290912961,0.6498451604715626,0.6559520602980615,0.6579417005913101,0.6169801953207661,0.6343836671604898,0.643020556768438,0.017241924331766762
season,0.3382801709087038,0.35015483952843746,0.3440479397019385,0.3420582994086901,0.383019804679234,0.3656163328395104,0.35697944323156205,0.017241924331766783
