Importance,Feature
0.6343836671604898,sbr_ou
0.36561633283951034,season
