elapsed,name,time
0.0,start,28.333827825
0.0015868569999994975,initialized and loaded JSON file(s),28.335414682
0.12577545799999967,loaded and validated,28.46119014
0.6962442039999992,generated or fetched CV sets,29.157434344
7.084342434000003,trained and scored,36.241776778
