Percentile,Lost,Won,success
0,43,32,0.4266666666666667
1,80,68,0.4594594594594595
2,75,74,0.4966442953020134
3,74,74,0.5
4,77,72,0.48322147651006714
5,66,82,0.5540540540540541
6,52,97,0.6510067114093959
7,58,90,0.6081081081081081
8,49,100,0.6711409395973155
9,41,107,0.722972972972973
10,21,53,0.7162162162162162
