Percentile,Lost,Won,success
0,44,31,0.41333333333333333
1,79,69,0.46621621621621623
2,75,74,0.4966442953020134
3,75,73,0.49324324324324326
4,75,74,0.4966442953020134
5,61,87,0.5878378378378378
6,64,85,0.5704697986577181
7,50,98,0.6621621621621622
8,48,101,0.6778523489932886
9,45,103,0.6959459459459459
10,20,54,0.7297297297297297
