Importance,Feature
0.32374677481208525,dave_or_wtddvoa
0.20699260431784625,defensedvoa
0.18418945088197292,offensedvoa
0.15897617853716106,s_t_dvoa
0.0642870148539059,week_id
0.055094262388102964,season
0.006713714208925546,is_home
