Importance,Feature
0.29932768653902614,dave_or_wtddvoa
0.1987142878446982,defensedvoa
0.17851001506396466,s_t_dvoa
0.1737730368394367,offensedvoa
0.07979106942010529,week_id
0.06600378153625595,season
0.0038801227565131305,is_home
