Importance,Feature
0.295148042212693,dave_or_wtddvoa
0.20032704009932414,offensedvoa
0.1824648269772963,s_t_dvoa
0.1756740482303185,defensedvoa
0.08223270701866613,week_id
0.05809641651170861,season
0.006056918949993342,is_home
