Feature,full,1,0,3,2,4,Importance,StdDev
dave_or_wtddvoa,0.3097815529522142,0.268813757868298,0.295148042212693,0.2993276865390261,0.32374677481208525,0.3095998274249959,0.29932721777141963,0.02031242242438654
defensedvoa,0.1955328775347126,0.2064492559678082,0.1756740482303185,0.1987142878446982,0.20699260431784625,0.18883242562116198,0.1953325243963666,0.013225755913044705
s_t_dvoa,0.185839595739669,0.20337369971738495,0.1824648269772963,0.17851001506396466,0.15897617853716106,0.1998298353475446,0.1846309111286703,0.017906856333678063
offensedvoa,0.16044314827003156,0.1764138082792043,0.20032704009932412,0.1737730368394367,0.1841894508819729,0.16006641564926313,0.17895395034984024,0.014783881297449047
week_id,0.08129646826569438,0.07899494680864158,0.08223270701866613,0.07979106942010529,0.0642870148539059,0.0731029359918976,0.07568173481864329,0.007198421489926164
season,0.06312702283376463,0.06322766070061328,0.05809641651170861,0.06600378153625595,0.055094262388102964,0.0628218444985946,0.06104879312705508,0.00437652970984166
is_home,0.003979334403913685,0.002726870658049649,0.006056918949993342,0.0038801227565131305,0.006713714208925546,0.005746715466542275,0.005024868408004789,0.0016605441805198763
