Importance,Feature
0.31282861358215147,dave_or_wtddvoa
0.18889943596421166,s_t_dvoa
0.18545320711342791,defensedvoa
0.15683131251204344,offensedvoa
0.083535142025779,week_id
0.06585818416174422,season
0.006594104640642355,is_home
