Importance,Feature
0.3095998274249959,dave_or_wtddvoa
0.1998298353475446,s_t_dvoa
0.188832425621162,defensedvoa
0.16006641564926313,offensedvoa
0.0731029359918976,week_id
0.0628218444985946,season
0.005746715466542275,is_home
