Importance,Feature
0.28678946114429626,dave_or_wtddvoa
0.19424915971481946,s_t_dvoa
0.1873198525281699,defensedvoa
0.17863068896083054,offensedvoa
0.08968877656173525,week_id
0.06036258038399675,season
0.0029594807061519767,is_home
