Importance,Feature
0.33615235650587694,dave_or_wtddvoa
0.19593233875713675,defensedvoa
0.17641928354055453,offensedvoa
0.15595283304373347,s_t_dvoa
0.07022979389361728,week_id
0.05935260703439369,season
0.005960787224687387,is_home
