Importance,Feature
0.268813757868298,dave_or_wtddvoa
0.2064492559678082,defensedvoa
0.20337369971738498,s_t_dvoa
0.1764138082792043,offensedvoa
0.07899494680864157,week_id
0.06322766070061327,season
0.0027268706580496492,is_home
