Importance,Feature
0.32778298005989953,dave_or_wtddvoa
0.1873003699711882,s_t_dvoa
0.1776668791560953,defensedvoa
0.17479424027020646,offensedvoa
0.07027633039405333,week_id
0.058587282469010744,season
0.0035919176795464573,is_home
