Importance,Feature
0.3204557781817883,dave_or_wtddvoa
0.18603788927244014,offensedvoa
0.1790633949567231,s_t_dvoa
0.17460883817344117,defensedvoa
0.07414516797219069,week_id
0.059109820947863746,season
0.006579110495552875,is_home
