Feature,full,1,0,3,2,4,Importance,StdDev
dave_or_wtddvoa,0.3186038600135563,0.28678946114429626,0.3204557781817883,0.32778298005989953,0.3361523565058769,0.3128286135821515,0.3168018378948025,0.0188739807873262
defensedvoa,0.20894388331929106,0.1873198525281699,0.17460883817344114,0.1776668791560953,0.19593233875713675,0.18545320711342791,0.18419622314565423,0.008420566524884859
s_t_dvoa,0.1686309725726268,0.19424915971481946,0.1790633949567231,0.1873003699711882,0.15595283304373347,0.1888994359642117,0.18109303873013516,0.015072356435520752
offensedvoa,0.15886868978531424,0.17863068896083056,0.18603788927244014,0.17479424027020646,0.17641928354055453,0.15683131251204346,0.17454268291121502,0.010795011755347864
week_id,0.08155720851696954,0.08968877656173525,0.07414516797219069,0.07027633039405333,0.07022979389361728,0.08353514202577901,0.07757504216947511,0.008678324349308606
season,0.057793022285690276,0.06036258038399675,0.05910982094786375,0.05858728246901074,0.05935260703439369,0.06585818416174423,0.06065409499940183,0.0029798444626230438
is_home,0.00560236350655186,0.0029594807061519767,0.006579110495552875,0.003591917679546457,0.005960787224687387,0.006594104640642355,0.00513708014931621,0.0017327962680781551
