Importance,Feature
0.3186038600135563,dave_or_wtddvoa
0.20894388331929103,defensedvoa
0.1686309725726268,s_t_dvoa
0.15886868978531424,offensedvoa
0.08155720851696954,week_id
0.05779302228569028,season
0.00560236350655186,is_home
