Importance,Feature
0.3097815529522142,dave_or_wtddvoa
0.1955328775347126,defensedvoa
0.185839595739669,s_t_dvoa
0.16044314827003156,offensedvoa
0.08129646826569438,week_id
0.06312702283376462,season
0.003979334403913685,is_home
