elapsed,name,time
0.0,start,124.324064519
0.0023751129999993736,initialized and loaded JSON file(s),124.326439632
0.14263988499999414,loaded and validated,124.469079517
0.40431827100000817,generated or fetched CV sets,124.873397788
12.748581150000007,trained and scored,137.621978938
